{"distances": [[0.0, 0.2649262945311942, 0.33608650783368105, 0.4310716528496379, 0.18893012181296798, 0.5663805412020134, 0.21508739889629946, 0.7844663438695081, 0.38791448288227226, 0.525150293758631], [0.2649262945311942, 0.0, 0.5828061171369969, 0.1661567593035736, 0.3973155318972696, 0.580188186107828, 0.05506647192864065, 0.690728066097967, 0.648945588344626, 0.30065224483795366], [0.33608650783368105, 0.5828061171369969, 0.0, 0.7444816348235201, 0.19731089492683945, 0.561960130078929, 0.5407754646506211, 0.862119149708099, 0.2595176160838861, 0.7792045156266676], [0.4310716528496379, 0.1661567593035736, 0.7444816348235201, 0.0, 0.5539809634805197, 0.6487948663419434, 0.2178070946216771, 0.6821872612698295, 0.8136687999065049, 0.2162973348920577], [0.18893012181296798, 0.3973155318972696, 0.19731089492683945, 0.5539809634805197, 0.0, 0.44354612949319017, 0.3616082017897498, 0.7135235570990777, 0.3736225802104527, 0.5822901376807774], [0.5663805412020134, 0.580188186107828, 0.561960130078929, 0.6487948663419434, 0.44354612949319017, 0.0, 0.5887367618292585, 0.31527741190612746, 0.8026749061886005, 0.5160266453471997], [0.21508739889629946, 0.05506647192864065, 0.5407754646506211, 0.2178070946216771, 0.3616082017897498, 0.5887367618292585, 0.0, 0.7223711881450642, 0.595904204943349, 0.3525610434233473], [0.7844663438695081, 0.690728066097967, 0.862119149708099, 0.6821872612698295, 0.7135235570990777, 0.31527741190612746, 0.7223711881450642, 0.0, 1.0861925650101552, 0.47933887484235144], [0.38791448288227226, 0.648945588344626, 0.2595176160838861, 0.8136687999065049, 0.3736225802104527, 0.8026749061886005, 0.595904204943349, 1.0861925650101552, 0.0, 0.9092941953719246], [0.525150293758631, 0.30065224483795366, 0.7792045156266676, 0.2162973348920577, 0.5822901376807774, 0.5160266453471997, 0.3525610434233473, 0.47933887484235144, 0.9092941953719246, 0.0]], "locations": [[0.2392768219427217, 0.2921915273123781, 0.33731919802643884, 0.32294211601290046, 0.37789372752970485, 0.8055555812514719, 0.2613797938816985, 0.9828525585457627, 0.07980055363759209, 0.5390806328911917], [0.3835889239410646, 0.6431770120531186, 0.0621206778580371, 0.8064634779859601, 0.2552146881546252, 0.3728518755557687, 0.5975376275955636, 0.6335540587083723, 0.029971947712135516, 0.8147507334459771]]}